{
    "situation_1": {
        "mu_class_1": [
            0.07630828937395717,
            0.7799187922401146
        ],
        "mu_class_2": [
            2.0763082893739573,
            0.7799187922401146
        ],
        "cov": [
            [
                0.4384092314408935,
                0.0
            ],
            [
                0.0,
                0.7234651778309412
            ]
        ]
    },
    "situation_2": {
        "mu_class_1_1": [
            0.7181514544701928,
            0.1664091435663576
        ],
        "mu_class_1_2": [
            6.718151454470193,
            0.1664091435663576
        ],
        "mu_class_2_1": [
            0.7181514544701928,
            3.1664091435663577
        ],
        "mu_class_2_2": [
            6.718151454470193,
            3.1664091435663577
        ],
        "cov_1": [
            [
                1.4279993160072033,
                0.0
            ],
            [
                0.0,
                0.6255301354964868
            ]
        ],
        "cov_2": [
            [
                1.1753047277544229,
                0.0
            ],
            [
                0.0,
                0.5266433046562915
            ]
        ]
    },
    "situation_3": {
        "mu_class_1_3": [
            0.19463133489327322,
            0.7264632226317951
        ],
        "mu_class_1_4": [
            6.194631334893273,
            6.726463222631795
        ],
        "mu_class_2_3": [
            -3.8053686651067267,
            -3.273536777368205
        ],
        "mu_class_2_4": [
            2.1946313348932733,
            2.726463222631795
        ],
        "cov_3": [
            [
                0.519467536380189,
                0.0
            ],
            [
                0.0,
                1.0308098301280373
            ]
        ],
        "cov_4": [
            [
                0.7053402641559391,
                0.0
            ],
            [
                0.0,
                1.4147033526054704
            ]
        ]
    },
    "situation_4": {
        "mu_class_4": [
            0.9481511302670637,
            0.054700890025785376
        ],
        "cov_5": [
            [
                1.1910600976578718,
                0.0
            ],
            [
                0.0,
                0.8294645788757772
            ]
        ]
    },
    "projection_coefficients": [
        [
            -0.4559498412073053,
            0.34968014030838335,
            1.2687491537814257,
            -1.7088514587676649,
            0.9646344246763616,
            1.148257661550535,
            0.2535974459179614,
            -1.8835921590778604,
            -0.7146018469753129,
            -0.14621069676145995,
            0.27981812650390736,
            -1.2393991337249606,
            -0.2496858025506505,
            0.7048822905150653,
            -0.5496004092310948,
            -0.3063255932207531,
            -0.4674430060744894,
            -1.417991303331814,
            -0.364055576384302,
            -0.2231681990051358,
            0.738557718408818,
            -0.7998662232689702,
            -1.310779119367299,
            -0.4965625270102741,
            -0.8884518208164324,
            0.5500603307545994,
            -0.566121613177939,
            -1.5641908911562388,
            0.5948209399218696,
            -0.08270438694826739,
            0.17020641588074747,
            0.38926544422473175,
            1.0472677200086105,
            -0.9220155797702185,
            0.6139200176197569,
            0.06381356286263394,
            0.049182648135684126,
            -0.10618232789766989,
            -0.47260834943817903,
            0.20433243100727336,
            0.020677412489762362,
            0.6703941672869572,
            1.4735034268516447,
            -0.9909415286020168,
            1.9294128161727764,
            1.0726831520297435,
            -1.1451386169315945,
            -0.13786477857251692,
            -0.009829805560210573,
            1.158417776754015,
            -0.9717940537585841,
            1.6960529754621565,
            -1.0838375844965071,
            -0.3666652501495819,
            -0.6175586895860857,
            -1.241174350776401,
            -1.1314813293834882,
            -0.5924495498694853,
            -0.27146361715358625,
            -0.6201488587820873,
            -0.9299670146393891,
            -2.576667966641867,
            -0.28389768293908935,
            1.864316347962396,
            1.644088145488216,
            1.1451708762842756,
            -0.3986693483740543,
            0.5055464347973455,
            -0.5378597822873533,
            -0.47431679061572923,
            0.15134806692249125,
            1.0102100105011917,
            -0.49697918394049606,
            -0.6603197289031293,
            -0.03935333491634412,
            -1.4808685021504284,
            0.848033977488975,
            1.011497110430413,
            1.1738591974710166,
            0.7660087697483057,
            -0.5915358832311663,
            -0.23800276590651745,
            -0.9345001183116648,
            0.30564578896042466,
            2.166314020172499,
            -0.9769387174107506,
            0.6510858363623171,
            1.3675858273450776,
            -1.035721753067509,
            2.1185709772616113,
            -0.6621123968975035,
            -0.10394322839307792,
            0.41662776019401404,
            0.9269532307451432,
            0.794434512916297,
            -0.24423214575876415,
            -0.6503728722060392,
            -2.323672208715434,
            -0.5006877300671944,
            1.258701689693697
        ],
        [
            -0.7831499933133195,
            0.6145625540004351,
            0.708220745508047,
            0.17156630651322724,
            -0.549451061801124,
            -0.5472102821120715,
            -0.04327831671702139,
            -1.7465291240733047,
            1.3956658455806965,
            -1.0394379885078944,
            -0.6215953912915672,
            -0.6147917732333731,
            -0.28683647940225365,
            0.38301082937516456,
            1.2073950571368997,
            0.22941818227909092,
            1.5729201114371587,
            -0.36216311080403774,
            0.6966510354149531,
            0.8002027762463306,
            0.15420637819266744,
            0.6749534358351011,
            -1.0051910805244595,
            1.3324977678587235,
            0.8211141987976414,
            0.17881373629045325,
            -0.33909461643887323,
            0.8531756706350346,
            -1.0747429576459167,
            0.7475317991633456,
            0.9413779918063163,
            2.515628471423435,
            -0.07339427534425672,
            1.3712675663741933,
            0.6358084590501498,
            -1.5853234327304528,
            -1.2702988714367398,
            -0.515130032272294,
            1.177445165430058,
            1.4660826105119187,
            -0.2297145678817944,
            0.45117808981097,
            0.24110100952767785,
            -2.464073348137103,
            1.111165328636243,
            1.428971053352857,
            -2.215925244980939,
            -0.9194788244265132,
            -0.06843099993235284,
            -0.06843386996000796,
            1.0660966891461898,
            1.1853008049982292,
            -0.536234935521913,
            0.6938360512824161,
            -0.6279319374374606,
            -0.2945202630921889,
            0.2529132052653061,
            0.5611638134799722,
            -0.61022387443165,
            1.9213563629069499,
            0.2206053337663712,
            0.022631042976273965,
            0.7870195752513793,
            -0.6142190532577025,
            0.32816523901178907,
            -2.4312697359547464,
            -1.697762164633631,
            -0.35034926992269005,
            -0.4531407160042132,
